<!-- Config file for the game -->
<!-- L01: DONE 1: Create configuration file-->
<config>
  <app>
    <title>Game Development Testbed</title>
    <organization>UPC</organization>
  </app>
  
  <player>
    <startPos x="192" y="1296" />
  </player>
    
  <renderer>
    <vsync value="false"/>
    <camera x="-48" y="-672"/>
  </renderer>

  <window>
    <resolution width="1080" height="720" scale="1"/>
    <fullscreen value="false"/>
    <borderless value="false"/>
    <resizable value="false"/>
    <fullscreen_window value="false"/>
  </window>

  <Scene>
   
    
  </Scene>

  <!-- L03: Added maps folder as config option -->
  <map>
    <folder>Assets/maps/</folder>
  </map>
</config>